{
  "config": {
    "n_iterations": 5,
    "n_warmup": 2,
    "confidence_level": 0.95,
    "models_tested": [
      "qwen3.5-2b",
      "qwen3.5-35b-a3b"
    ],
    "gpu": "AMD Radeon 890M (Vulkan)",
    "test_date": "2026-04-07"
  },
  "statistical_results": {
    "qwen3.5-2b": {
      "rust_programming_no_memory": {
        "mean": 2.6083743572235107,
        "std": 1.3999775220853403,
        "median": 3.1327054500579834,
        "p5": 0.7144246578216553,
        "p95": 3.3532385349273683,
        "ci_95": [
          0.8703513452154734,
          4.346397369231548
        ],
        "cv": 53.672415472430465,
        "n": 5
      },
      "rust_programming_with_memory": {
        "mean": 3.327426052093506,
        "std": 0.1792555846337562,
        "median": 3.257748603820801,
        "p5": 3.19774603843689,
        "p95": 3.5736644744873045,
        "ci_95": [
          3.1048865282729006,
          3.5499655759141113
        ],
        "cv": 5.387214676671013,
        "n": 5
      },
      "rust_programming_comparison": {
        "difference": 0.7190516948699952,
        "percent_change": 27.567043544907072,
        "significant_95": false,
        "effect_size": 0.7204815355091199,
        "interpretation": "medium effect (slower)"
      },
      "vector_search_no_memory": {
        "mean": 3.2481432437896727,
        "std": 0.18208483817509602,
        "median": 3.2718005180358887,
        "p5": 3.0309368610382084,
        "p95": 3.4514918804168704,
        "ci_95": [
          3.022091300887989,
          3.4741951866913565
        ],
        "cv": 5.605813060222493,
        "n": 5
      },
      "vector_search_with_memory": {
        "mean": 3.3410912990570067,
        "std": 0.1351740766675525,
        "median": 3.3853468894958496,
        "p5": 3.180006790161133,
        "p95": 3.4612398624420164,
        "ci_95": [
          3.173277421927611,
          3.5089051761864023
        ],
        "cv": 4.045806132436554,
        "n": 5
      },
      "vector_search_comparison": {
        "difference": 0.09294805526733407,
        "percent_change": 2.861575007353732,
        "significant_95": false,
        "effect_size": 0.579642273148652,
        "interpretation": "medium effect (slower)"
      },
      "llm_deployment_no_memory": {
        "mean": 3.3390968799591065,
        "std": 0.03689018461271307,
        "median": 3.3544328212738037,
        "p5": 3.288635635375977,
        "p95": 3.3675299644470216,
        "ci_95": [
          3.2932990090914256,
          3.3848947508267875
        ],
        "cv": 1.104795276654712,
        "n": 5
      },
      "llm_deployment_with_memory": {
        "mean": 3.252045011520386,
        "std": 0.10346522536921905,
        "median": 3.2568397521972656,
        "p5": 3.116731119155884,
        "p95": 3.345353603363037,
        "ci_95": [
          3.1235965616006744,
          3.380493461440097
        ],
        "cv": 3.1815434596597822,
        "n": 5
      },
      "llm_deployment_comparison": {
        "difference": -0.0870518684387207,
        "percent_change": -2.6070482998321034,
        "significant_95": false,
        "effect_size": -1.1207597862027072,
        "interpretation": "large effect (faster)"
      }
    },
    "qwen3.5-35b-a3b": {
      "rust_programming_no_memory": {
        "mean": 7.819232988357544,
        "std": 0.33806525600316883,
        "median": 7.9578704833984375,
        "p5": 7.415351009368897,
        "p95": 8.120308446884156,
        "ci_95": [
          7.399536825222948,
          8.238929151492139
        ],
        "cv": 4.323509179308655,
        "n": 5
      },
      "rust_programming_with_memory": {
        "mean": 7.782047319412231,
        "std": 0.5237902046394901,
        "median": 7.480360507965088,
        "p5": 7.438312959671021,
        "p95": 8.504651117324828,
        "ci_95": [
          7.131780143856581,
          8.432314494967882
        ],
        "cv": 6.730750702747608,
        "n": 5
      },
      "rust_programming_comparison": {
        "difference": -0.0371856689453125,
        "percent_change": -0.4755667084058008,
        "significant_95": false,
        "effect_size": -0.08435570268562033,
        "interpretation": "negligible effect (faster)"
      },
      "vector_search_no_memory": {
        "mean": 8.051623153686524,
        "std": 0.543908495694344,
        "median": 8.19127082824707,
        "p5": 7.380250883102417,
        "p95": 8.588296031951904,
        "ci_95": [
          7.376379825111268,
          8.72686648226178
        ],
        "cv": 6.755265184577218,
        "n": 5
      },
      "vector_search_with_memory": {
        "mean": 8.025535821914673,
        "std": 0.5040741252667931,
        "median": 8.067620277404785,
        "p5": 7.392797136306763,
        "p95": 8.539973306655883,
        "ci_95": [
          7.3997454676763255,
          8.65132617615302
        ],
        "cv": 6.2808781426202,
        "n": 5
      },
      "vector_search_comparison": {
        "difference": -0.026087331771851296,
        "percent_change": -0.3240009035930466,
        "significant_95": false,
        "effect_size": -0.049749883552415886,
        "interpretation": "negligible effect (faster)"
      },
      "llm_deployment_no_memory": {
        "mean": 7.797046279907226,
        "std": 0.6982422893230528,
        "median": 7.433994770050049,
        "p5": 7.186464071273804,
        "p95": 8.645523118972777,
        "ci_95": [
          6.930202957313749,
          8.663889602500703
        ],
        "cv": 8.955215401534861,
        "n": 5
      },
      "llm_deployment_with_memory": {
        "mean": 7.774449396133423,
        "std": 0.5985498997374348,
        "median": 7.704627513885498,
        "p5": 7.202968168258668,
        "p95": 8.54117407798767,
        "ci_95": [
          7.031370680105759,
          8.517528112161086
        ],
        "cv": 7.698936210648179,
        "n": 5
      },
      "llm_deployment_comparison": {
        "difference": -0.022596883773803533,
        "percent_change": -0.28981338525635125,
        "significant_95": false,
        "effect_size": -0.034747903855788895,
        "interpretation": "negligible effect (faster)"
      }
    }
  },
  "ablation_results": {
    "qwen3.5-2b": {
      "full_memory": {
        "n_queries": 3,
        "avg_generation_time": 4.69568665822347,
        "avg_tokens_per_sec": 25.472337675200883,
        "avg_response_length": 630.6666666666666,
        "delta_time": -1.3044207890828456,
        "delta_tps": 0.4573294644230117,
        "delta_length": -99.0
      },
      "inline_hints": {
        "n_queries": 3,
        "avg_generation_time": 5.685003280639648,
        "avg_tokens_per_sec": 26.47607797652809,
        "avg_response_length": 778.6666666666666,
        "delta_time": -0.31510416666666696,
        "delta_tps": 1.4610697657502172,
        "delta_length": 49.0
      },
      "baseline_minimal": {
        "n_queries": 3,
        "avg_generation_time": 6.000107447306315,
        "avg_tokens_per_sec": 25.01500821077787,
        "avg_response_length": 729.6666666666666
      },
      "content_plain": {
        "n_queries": 3,
        "avg_generation_time": 5.735579967498779,
        "avg_tokens_per_sec": 26.15379270107797,
        "avg_response_length": 596.6666666666666,
        "delta_time": -0.2645274798075361,
        "delta_tps": 1.1387844903000968,
        "delta_length": -133.0
      },
      "format_only": {
        "n_queries": 3,
        "avg_generation_time": 3.0032843748728433,
        "avg_tokens_per_sec": 24.083377976499897,
        "avg_response_length": 345.3333333333333,
        "delta_time": -2.996823072433472,
        "delta_tps": -0.931630234277975,
        "delta_length": -384.3333333333333
      }
    },
    "qwen3.5-35b-a3b": {
      "inline_hints": {
        "n_queries": 3,
        "avg_generation_time": 13.513634522755941,
        "avg_tokens_per_sec": 11.170455085773694,
        "avg_response_length": 721.3333333333334,