{
  "with_memory": {
    "n_turns": 17,
    "avg_fact_recall": 0.20588235294117646,
    "avg_quality_score": 0.47058823529411764,
    "avg_tokens_per_sec": 17.608849589510164,
    "total_contradictions": 0,
    "avg_gen_time": 4.499165128259098
  },
  "without_memory": {
    "n_turns": 17,
    "avg_fact_recall": 0.29901960784313725,
    "avg_quality_score": 0.546078431372549,
    "avg_tokens_per_sec": 19.41739263186352,
    "total_contradictions": 0,
    "avg_gen_time": 5.531282158458934
  },
  "improvement": {
    "fact_recall": -0.09313725490196079,
    "quality": -0.07549019607843133
  }
}