{
  "rust_programming_no_memory": {
    "mean": 7.819232988357544,
    "std": 0.33806525600316883,
    "median": 7.9578704833984375,
    "p5": 7.415351009368897,
    "p95": 8.120308446884156,
    "ci_95": [
      7.399536825222948,
      8.238929151492139
    ],
    "cv": 4.323509179308655,
    "n": 5
  },
  "rust_programming_with_memory": {
    "mean": 7.782047319412231,
    "std": 0.5237902046394901,
    "median": 7.480360507965088,
    "p5": 7.438312959671021,
    "p95": 8.504651117324828,
    "ci_95": [
      7.131780143856581,
      8.432314494967882
    ],
    "cv": 6.730750702747608,
    "n": 5
  },
  "rust_programming_comparison": {
    "difference": -0.0371856689453125,
    "percent_change": -0.4755667084058008,
    "significant_95": false,
    "effect_size": -0.08435570268562033,
    "interpretation": "negligible effect (faster)"
  },
  "vector_search_no_memory": {
    "mean": 8.051623153686524,
    "std": 0.543908495694344,
    "median": 8.19127082824707,
    "p5": 7.380250883102417,
    "p95": 8.588296031951904,
    "ci_95": [
      7.376379825111268,
      8.72686648226178
    ],
    "cv": 6.755265184577218,
    "n": 5
  },
  "vector_search_with_memory": {
    "mean": 8.025535821914673,
    "std": 0.5040741252667931,
    "median": 8.067620277404785,
    "p5": 7.392797136306763,
    "p95": 8.539973306655883,
    "ci_95": [
      7.3997454676763255,
      8.65132617615302
    ],
    "cv": 6.2808781426202,
    "n": 5
  },
  "vector_search_comparison": {
    "difference": -0.026087331771851296,
    "percent_change": -0.3240009035930466,
    "significant_95": false,
    "effect_size": -0.049749883552415886,
    "interpretation": "negligible effect (faster)"
  },
  "llm_deployment_no_memory": {
    "mean": 7.797046279907226,
    "std": 0.6982422893230528,
    "median": 7.433994770050049,
    "p5": 7.186464071273804,
    "p95": 8.645523118972777,
    "ci_95": [
      6.930202957313749,
      8.663889602500703
    ],
    "cv": 8.955215401534861,
    "n": 5
  },
  "llm_deployment_with_memory": {
    "mean": 7.774449396133423,
    "std": 0.5985498997374348,
    "median": 7.704627513885498,
    "p5": 7.202968168258668,
    "p95": 8.54117407798767,
    "ci_95": [
      7.031370680105759,
      8.517528112161086
    ],
    "cv": 7.698936210648179,
    "n": 5
  },
  "llm_deployment_comparison": {
    "difference": -0.022596883773803533,
    "percent_change": -0.28981338525635125,
    "significant_95": false,
    "effect_size": -0.034747903855788895,
    "interpretation": "negligible effect (faster)"
  }
}